company,careers_url
Cognition AI,https://jobs.ashbyhq.com/cognition
Cursor,https://cursor.com/careers
Reflection AI,https://jobs.ashbyhq.com/reflectionai
GigaML,https://giga.ai/careers#3-list
Harvey AI,https://www.harvey.ai/company?category=Engineering#company-careers
Poolside,https://poolside.ai/careers
Etched,https://www.etched.com/careers
Together AI,https://job-boards.greenhouse.io/togetherai
Pika,https://jobs.ashbyhq.com/pika
Suno,https://jobs.ashbyhq.com/suno
Imbue,https://imbue.com/careers/#open-roles
Adaptive Security,https://www.adaptivesecurity.com/careers#careers
Harmonic,https://harmonic.ai/careers#open-roles
XBOW,https://jobs.ashbyhq.com/xbowcareers
NewLimit,https://www.newlimit.com/careers
World Labs,https://job-boards.greenhouse.io/worldlabs
Llamaindex,https://www.llamaindex.ai/careers#roles
Daytona,https://www.daytona.io/careers
Graphite,https://graphite.io/careers
Resend,https://resend.com/careers#open-positions
Railway,https://railway.com/careers#open-positions
PostHog,https://jobs.ashbyhq.com/posthog
LiveKit,https://livekit.io/careers
Trigger.dev,https://trigger.dev/careers#open-positions
Stainless,https://jobs.ashbyhq.com/stainlessapi
Basis,https://jobs.ashbyhq.com/basis-ai
Clay,https://www.clay.com/jobs
Duna,https://duna.com/careers
Goodfire,https://www.goodfire.ai/careers#open-roles
Nooks,https://nooks.works/careers/
Vantage,https://jobs.ashbyhq.com/vantage
Warp,https://www.warp.dev/careers#open-roles
Temporal,https://job-boards.greenhouse.io/temporaltechnologies
Infisical,https://infisical.com/careers
Alpaca,https://alpaca.markets/hiring#alpaca-hiring
Camber,https://jobs.ashbyhq.com/camber
Greenlight,https://greenlight.com/careers#careersDropdown
Monzo US,https://monzo.com/us/careers#jobs
Unit,https://www.unit.co/careers#open-roles
Check,https://www.checkhq.com/company/open-positions
Lithic,https://www.lithic.com/about/careers#job-openings
Column,https://jobs.ashbyhq.com/column
PadSplit,https://jobs.lever.co/padsplit
Stord,https://www.stord.com/careers
Sardine,https://www.sardine.ai/careers#openings
Pipe,https://pipe.com/careers
Vouch,https://ats.rippling.com/vouch-inc/jobs
ConductorOne,https://jobs.ashbyhq.com/conductorone
Chainguard,https://www.chainguard.dev/careers#open-positions
Drata,https://drata.com/about/careers#board
Twingate,https://jobs.lever.co/twingate
Tailscale,https://tailscale.com/careers#open-job-positions
Snyk,https://snyk.io/careers/all-jobs/
Abnormal Security,https://abnormal.ai/careers/open-roles
Socket,https://jobs.ashbyhq.com/socket
Semgrep,https://semgrep.dev/about/careers/#job-board
Island,https://www.island.io/careers#see-open-positions
Teleport,https://jobs.ashbyhq.com/goteleport
Flock Safety,https://www.flocksafety.com/careers/positions
FullStory,https://www.fullstory.com/careers/
Calendly,https://calendly.com/careers
Onebrief,https://jobs.ashbyhq.com/onebrief
MudFlap,https://www.mudflapinc.com/open-positions
Bedrock Robotics,https://bedrockrobotics.com/careers
Resolve AI,https://resolve.ai/careers
Cambio,https://www.cambio.ai/careers