Company,Industry,Website
Stak,construction,http://www.stakmobility.com
Ramp,financial services,http://www.ramp.com
North Pole Security,computer & network security,http://www.northpole.security
Keye,information technology & services,http://www.keye.co
Small Door,veterinary,http://www.smalldoorvet.com
OffDeal,information technology & services,http://www.offdeal.io
Cervo AI,information technology & services,http://www.usecervo.com
Local Initiatives Support Corporation,nonprofit organization management,http://www.lisc.org
3ICE,sports,http://www.3ice.com
BridgePort,financial services,http://www.bridgeportmq.com
Powerful Medical,information technology & services,http://www.powerfulmedical.com
Harmonya,information technology & services,http://www.harmonya.com
Maro,computer & network security,http://www.seekmaro.com
360Learning,information technology & services,http://www.360learning.com
Trunk Tools,information technology & services,http://www.trunktools.com
ArcSpan Technologies,marketing & advertising,http://www.arcspan.com
Solomon,financial services,http://www.solomontax.ai
Diode Computers,electrical/electronic manufacturing,http://www.diode.computer
Volca,information technology & services,http://www.volca.ai
april,financial services,http://www.getapril.com
Verdethos,logistics & supply chain,http://www.verdethos.io
Daloopa,information technology & services,http://www.daloopa.com
Yieldstreet,financial services,http://www.yieldstreet.com
ShelterZoom,information technology & services,http://www.shelterzoom.com
Noise Labs,information technology & services,http://www.noise.xyz
Slingshot AI,mental health care,http://www.talktoash.com
Beitel Group,real estate,http://www.beitel.com
Fortuna Health,information technology & services,http://www.fortunahealth.com
Eventual,information technology & services,http://www.eventualclimate.com
Assemble,hospital & health care,http://www.comeassemble.com
BosonQ Psi,information technology & services,http://www.bqpsim.com
Oh Norman!,consumer services,http://www.ohnorman.com
CleanUp,mechanical or industrial engineering,http://www.cleanup.com
Hootology,market research,http://www.hootology.com
Heron Data,information technology & services,http://www.herondata.io
Amogy,semiconductors,http://www.amogy.co
Datavations,information technology & services,http://www.datavations.ai
Polymarket,information technology & services,http://www.polymarket.com
Heka,financial services,http://www.hekaglobal.com
Nava,insurance,http://www.navabenefits.com
NetBox Labs,computer networking,http://www.netboxlabs.com
Zip Security,computer & network security,http://www.zipsec.com
Modern Life,financial services,http://www.modernlife.com
showd.me,e-learning,http://www.showd.me
ModernFi,financial services,http://www.modernfi.com
Galileo,medical practice,http://www.galileo.io
iCapital Network,information technology & services,http://www.icapital.com
Vellum,information technology & services,http://www.vellum.ai
Bilt Rewards,financial services,http://www.bilt.com
Pace Center for Girls,nonprofit organization management,http://www.pacecenter.org
INSHUR,insurance,http://www.inshur.com
Insomnia Labs,information technology & services,http://www.insomnialabs.io
Second Wind Pro,sports,http://www.secondwind.pro
Veritonic,information technology & services,http://www.veritonic.com
Subtotal,information technology & services,http://www.subtotal.com
Andus Labs,information technology & services,http://www.anduslabs.com
Castellum.AI,information technology & services,http://www.castellum.ai
Exodys Energy,oil & energy,http://www.exodysenergy.com
FL Newsletter,online media,http://www.fantasylife.com
Parter,information technology & services,http://www.parter.ai
Onlook,information technology & services,http://www.onlook.com
Multimodal,information technology & services,http://www.multimodal.dev
Savvy Wealth,financial services,http://www.savvywealth.com
Argon AI,information technology & services,http://www.argon-ai.com
SAMA Fertility,hospital & health care,http://www.samafertility.com
Ambrook,financial services,http://www.ambrook.com
Remark,information technology & services,http://www.withremark.com
DailyPay,financial services,http://www.dailypay.com
North.cloud,information technology & services,http://www.north.cloud
SmartEsq,information technology & services,http://www.smartesq.ai
Certify,hospital & health care,http://www.certifyos.com
Foresight Data,information technology & services,http://www.foresightdata.com
OpenRouter,information technology & services,http://www.openrouter.ai
Kalshi,financial services,http://www.kalshi.com
Digital Asset,information technology & services,http://www.digitalasset.com
Pangram Labs,information technology & services,http://www.pangram.com
Qunnect,telecommunications,http://www.qunnect.inc
Claira Inc,information technology & services,http://www.claira.io
Execo,professional training & coaching,http://www.execo.com
Veris Health,medical devices,http://www.verishealth.com
Tattle,information technology & services,http://www.tattleapp.com
Luke's Lobster,restaurants,http://www.lukeslobster.com
WhiteFiber,information technology & services,http://www.whitefiber.com
Profound,information technology & services,http://www.tryprofound.com
Octane,information technology & services,http://www.octane.co
Supply Wisdom,information services,http://www.supplywisdom.com
Carefull,financial services,http://www.getcarefull.com
Tennr,information technology & services,http://www.tennr.com
Infinity Loop,information technology & services,http://www.infinityloop.ai
Sword Health,information technology & services,http://www.swordhealth.com
Extend,information technology & services,http://www.extend.app
Catalyst Power,oil & energy,http://www.catalystpower.com
Button,information technology & services,http://www.usebutton.com
Finch Legal,information technology & services,http://www.finchlegal.com
CleanCapital,renewables & environment,http://www.cleancapital.com
Suno,hospital & health care,http://www.suno.tech
Snif,"health, wellness & fitness",http://www.snif.co
Open Space Institute,environmental services,http://www.openspaceinstitute.org
Antimetal,information technology & services,http://www.antimetal.com
Dispatch Energy,environmental services,http://www.dispatchenergy.com
Zorro,insurance,http://www.myzorro.co
Cyera,computer & network security,http://www.cyera.com
SOON,information technology & services,http://www.soo.network
Abacum,information technology & services,http://www.abacum.ai
Farsight AI,information technology & services,http://www.farsight-ai.com
Golden Pear Funding,financial services,http://www.goldenpearfunding.com
Lemony,information technology & services,http://www.lemony.ai
Cipriani,hospitality,http://www.cipriani.com
GrailPay,financial services,http://www.grailpay.com
Athletes Unlimited,sports,http://www.auprosports.com
Jomboy Media,media production,http://www.jomboymedia.com
Tastewise,information technology & services,http://www.tastewise.io
Occupier,information technology & services,http://www.occupier.com
Bedrock Ocean Exploration,machinery,http://www.bedrockocean.com
Sedric,information technology & services,http://www.sedric.ai
Dreamhub,information technology & services,http://www.dreamhub.ai
Runwise,real estate,http://www.runwise.com
Aiera,financial services,http://www.aiera.com
"South Street Securities Holdings, Inc.",capital markets,http://www.southstreetsecurities.com
Octaura,financial services,http://www.octaura.com
Polimorphic,information technology & services,http://www.polimorphic.com
Apis Point Energy,oil & energy,http://www.apispoint.energy
Salvo Health,hospital & health care,http://www.salvohealth.com
Thread AI,information technology & services,http://www.threadai.com
Greenbacker Group,financial services,http://www.greenbackercapital.com
Reserv,insurance,http://www.reserv.com
Vivrelle,luxury goods & jewelry,http://www.vivrelle.com
Compyl,information technology & services,http://www.compyl.com
Amperos Health,information technology & services,http://www.amperoshealth.com
VersiFi,financial services,http://www.versifi.io
Canid,hospital & health care,http://www.canid.io
myLaurel,hospital & health care,http://www.mylaurelhealth.com
Veris AI,information technology & services,http://www.veris.ai
OatFi,financial services,http://www.oatfi.com
Avantis Labs,financial services,http://www.avantisfi.com
ChemFinity Technologies,chemicals,http://www.chemfinitytech.com
Rally,information technology & services,http://www.rallyuxr.com
MiNK Therapeutics,research,http://www.minktherapeutics.com
AgentSmyth,financial services,http://www.agentsmyth.com
Prepared,public safety,http://www.prepared911.com
LM Studio,information technology & services,http://www.lmstudio.ai
Kashable,financial services,http://www.kashable.com
David,food production,http://www.davidprotein.com
Retirable,financial services,http://www.retirable.com
Cyborg,information technology & services,http://www.cyborg.co
Empathy,information technology & services,http://www.empathy.com
Training The Street,professional training & coaching,http://www.trainingthestreet.com
Vox Funding,financial services,http://www.voxfunding.com
CLOSO,apparel & fashion,http://www.closo.co
Superblocks,information technology & services,http://www.superblocks.com
Brooklyn Health,"health, wellness & fitness",http://www.brooklyn.health
Double Nickel,information technology & services,http://www.getdoublenickel.com
Indie Health,medical practice,http://www.indie.health
New York Botanical Garden,museums & institutions,http://www.nybg.org
Siro,information technology & services,http://www.siro.ai
Clair,financial services,http://www.getclair.com
National Audubon Society (USA),nonprofit organization management,http://www.audubon.org
DefensX,information technology & services,http://www.defensx.com
Seeds,financial services,http://www.useseeds.com
Affiniti,financial services,http://www.affiniti.finance
Sweep.io,information technology & services,http://www.sweep.io
Barndoor AI,information technology & services,http://www.barndoor.ai
Button Finance,financial services,http://www.buttonfinance.com
WordCollections,entertainment,http://www.wordcollections.com
Pathos,research,http://www.pathos.com
Algoma,real estate,http://www.algoma.co
Cartwheel,animation,http://www.getcartwheel.com
Blank Street,food & beverages,http://www.blankstreet.com
Center for Comprehensive Health Practice,hospital & health care,http://www.cchphealthcare.org
Aboard,information technology & services,http://www.aboard.com
KYD Labs,information technology & services,http://www.kydlabs.com
Ring Concierge,luxury goods & jewelry,http://www.ringconcierge.com
Passage Health,information technology & services,http://www.passagehealth.com
Stash,financial services,http://www.stash.com
Optimal Dynamics,transportation/trucking/railroad,http://www.optimaldynamics.com
Covenant House,nonprofit organization management,http://www.covenanthouse.org
iAltA Holdings,financial services,http://www.ialta.com
Glide,information technology & services,http://www.withglide.com
Clarium,hospital & health care,http://www.clariumhealth.com
Cleancult,mechanical or industrial engineering,http://www.cleancult.com
Wonder,food & beverages,http://www.wonder.com
Unrivaled Sports,sports,http://www.unrivaledsports.com
Break Through Tech,higher education,http://www.breakthroughtech.org
Peek,information technology & services,http://www.peek.us
Astronomer,information technology & services,http://www.astronomer.io
dub,financial services,http://www.dubapp.com
Structify,information technology & services,http://www.structify.ai
Maridea Wealth Management,financial services,http://www.marideawealth.com
Manifest,information technology & services,http://www.manifestcyber.com
Rogo,information technology & services,http://www.rogo.ai
Blooming Health,information technology & services,http://www.gobloominghealth.com
Near Space Labs,aviation & aerospace,http://www.nearspacelabs.com
Zoe Financial,financial services,http://www.zoefinancial.com
Voom Medical Devices,medical devices,http://www.voommedicaldevices.com
Truvani,"health, wellness & fitness",http://www.truvani.com
World Class Health,hospital & health care,http://www.worldclasshealth.com
Alternative Payments,information technology & services,http://www.alternativepayments.io
Nourish,hospital & health care,http://www.usenourish.com
BloomCredit,financial services,http://www.bloomcredit.io
Healthee,"health, wellness & fitness",http://www.healthee.com
Rippling,information technology & services,http://www.rippling.com
Cleanster,internet,http://www.cleanster.com
NextGen Jane,medical devices,http://www.nextgenjane.com
Intercept Music,music,http://www.interceptmusic.com
Fastino,research,http://www.fastino.ai
Carta Healthcare,hospital & health care,http://www.carta.healthcare
CodeAnt AI,information technology & services,http://www.codeant.ai
Inductive Bio,research,http://www.inductive.bio
A2 Biotherapeutics,research,http://www.a2bio.com
Novoflow,information technology & services,http://www.novoflow.io
Twelve,chemicals,http://www.twelve.co
CNaught,information technology & services,http://www.cnaught.com
Tesseral,information technology & services,http://www.tesseral.com
Trilobio,biotechnology,http://www.trilo.bio
Agree.com,information technology & services,http://www.agree.com
Korl,information technology & services,http://www.korl.co
Thinking Machines Lab,information technology & services,http://www.thinkingmachines.ai
Vector,information technology & services,http://www.withvector.com
Working Solutions CDFI,financial services,http://www.workingsolutions.org
Twrl Milk Tea,food & beverages,http://www.twrlmilktea.com
Renewable Properties,renewables & environment,http://www.renewprop.com
RightRev,information technology & services,http://www.rightrev.com
Recraft,graphic design,http://www.recraft.ai
Dinari,financial services,http://www.dinari.com
EdgeRunner AI,research,http://www.edgerunnerai.com
Ellipsis Health,information technology & services,http://www.ellipsishealth.com
Blacksmith,information technology & services,http://www.blacksmith.sh
Nuvo,information technology & services,http://www.nuvo.com
Persona,information technology & services,http://www.withpersona.com
Matrice AI,information technology & services,http://www.matrice.ai
Plenful,hospital & health care,http://www.plenful.com
Kintsugi AI,information technology & services,http://www.trykintsugi.com
Gruve,information technology & services,http://www.gruve.ai
Faye,information technology & services,http://www.findfaye.com
BloomPath,information technology & services,http://www.bloompath.ai
Villa Homes,construction,http://www.villahomes.com
VidAU,marketing & advertising,http://www.vidau.ai
Veza,information technology & services,http://www.veza.com
Glacier,information technology & services,http://www.endwaste.io
Pando Electric,automotive,http://www.pandoelectric.com
SquareX,computer & network security,http://www.sqrx.com
LTZ Therapeutics,research,http://www.ltztherapeutics.com
Deepcell,research,http://www.deepcell.com
Amplifier Security,information technology & services,http://www.amplifiersecurity.com
Fluxus,research,http://www.fluxus.bio
Instrumentl,online media,http://www.instrumentl.com
Windfall,information technology & services,http://www.windfall.com
Listen Labs,information technology & services,http://www.listenlabs.ai
Bagel AI,information technology & services,http://www.bagel.ai
Endor Labs,information technology & services,http://www.endorlabs.com
Supabase,information technology & services,http://www.supabase.com
Manychat,information technology & services,http://www.manychat.com
Browserbase,information technology & services,http://www.browserbase.com
Recce,information technology & services,http://www.datarecce.io
Exante,information technology & services,http://www.exante.app
Crowdpac,information technology & services,http://www.crowdpac.com
PayToMe.co,financial services,http://www.paytome.co
Deep Infra,information technology & services,http://www.deepinfra.com
Lace AI,information technology & services,http://www.lace.ai
Kenzo Security,computer & network security,http://www.kenzo.security
PHNX Materials,information technology & services,http://www.phnxmaterials.com
RISA Labs,research,http://www.risalabs.ai
Spur,information technology & services,http://www.spurtest.com
ExaForce,computer & network security,http://www.exaforce.com
Riza,information technology & services,http://www.riza.io
Glycomine,research,http://www.glycomine.com
Auradine,information technology & services,http://www.auradine.com
Bauplan,information technology & services,http://www.bauplanlabs.com
Nexad,information technology & services,http://www.nex.ad
Scout AI,defense & space,http://www.scoutco.ai
Parsewise,information technology & services,http://www.parsewise.ai
Doss,information technology & services,http://www.doss.com
SlashExperts,information technology & services,http://www.slashexperts.com
Mainspring Energy,environmental services,http://www.mainspringenergy.com
Conifer,electrical/electronic manufacturing,http://www.conifer.io
Frekil,information technology & services,http://www.frekil.com
nEYE Systems,higher education,http://www.berkeley.edu
Conduit,information technology & services,http://www.conduit.app
City Innovate,information technology & services,http://www.authorium.com
Artisan AI,information technology & services,http://www.artisan.co
Nuro,information technology & services,http://www.nuro.ai
Remedy Scientific,environmental services,http://www.remedyscientific.com
Solve Intelligence,information technology & services,http://www.solveintelligence.com
Springtail,information technology & services,http://www.springtail.io
Anecdotes,information technology & services,http://www.anecdotes.ai
Plume Network,information technology & services,http://www.plumenetwork.xyz
Aurascape,information technology & services,http://www.aurascape.ai
SigIQ,information technology & services,http://www.sigiq.ai
Rescale,information technology & services,http://www.rescale.com
SandboxAQ,information technology & services,http://www.sandboxaq.com
Larridin,information technology & services,http://www.larridin.com
Thatch,information technology & services,http://www.thatch.ai
Skylight Frame,electrical/electronic manufacturing,http://www.skylightframe.com
Félix,financial services,http://www.felixpago.com
Phonic,information technology & services,http://www.phonic.co
Neurona Therapeutics,research,http://www.neuronatherapeutics.com
Further AI,information technology & services,http://www.furtherai.com
Opsera,information technology & services,http://www.opsera.io
AttoTude,information technology & services,http://www.attotude.com
Hakimo,information technology & services,http://www.hakimo.ai
Playback,information technology & services,http://www.playback.tv
Abound,financial services,http://www.joinabound.com
Taxo,hospital & health care,http://www.taxo.ai
Mercury,financial services,http://www.mercury.com
BuildClub,information technology & services,http://www.buildclub.com
Nexthop AI,computer networking,http://www.nexthop.ai
UptimeAI,information technology & services,http://www.uptimeai.com
Evident Vascular,medical devices,http://www.evidentvascular.com
Arcade,information technology & services,http://www.arcade.ai
Lumber,financial services,http://www.lumberfi.com
Nace.AI,information technology & services,http://www.nace.ai
Mitra Chem,semiconductors,http://www.mitrachem.com
Kosli,information technology & services,http://www.kosli.com
Stable Sea,information technology & services,http://www.stablesea.xyz
Tera AI,research,http://www.tera-ai.com
Coreshell Technologies,nanotechnology,http://www.coreshell.com
GrubMarket,information technology & services,http://www.grubmarket.com
Halliday,information technology & services,http://www.halliday.xyz
Cognition,information technology & services,http://www.cognition.ai
Augment,logistics & supply chain,http://www.goaugment.com
Stackless Data,information technology & services,http://www.stacklessdata.com
SunTrain,utilities,http://www.suntrain.co
Featherless.ai,information technology & services,http://www.featherless.ai
Meahana,information technology & services,http://www.meahana.io
Altimate AI,information technology & services,http://www.altimate.ai
Joule Labs,information technology & services,http://www.joulelabs.com
Pave Robotics,mechanical or industrial engineering,http://www.pave-robotics.com
Equilibrium Energy,environmental services,http://www.equilibriumenergy.com
Causal Labs,information technology & services,http://www.getcausal.ai
Ditto,information technology & services,http://www.ditto.com
Synctera,financial services,http://www.synctera.com
nunu.ai,information technology & services,http://www.nunu.ai
Mesh,financial services,http://www.meshconnect.com
Capture6,environmental services,http://www.capture6.org
Podqi,information technology & services,http://www.podqi.com
Celestial AI,semiconductors,http://www.celestial.ai
Wavv,information technology & services,http://www.wavv.app
Cartesia,information technology & services,http://www.cartesia.ai
Perlumi,research,http://www.gigacrop.com
Wonder Family,information technology & services,http://www.wonderfamily.com
Nirvana Insurance,insurance,http://www.nirvanatech.com
Invector,information technology & services,http://www.invector.co
Turing,information technology & services,http://www.turing.com
Spiritus,environmental services,http://www.spiritus.com
Intangible,information technology & services,http://www.intangible.ai
Zocks,information technology & services,http://www.zocks.io
Ria Health,medical practice,http://www.riahealth.com
Outmarket AI,insurance,http://www.outmarket.ai
Freed,hospital & health care,http://www.getfreed.ai
MaxIQ,information technology & services,http://www.getmaxiq.com
MedaSystems,information technology & services,http://www.medasystems.com
Adapture Renewables,renewables & environment,http://www.adapturerenewables.com
Ceramic,information technology & services,http://www.ceramic.ai
Peregrine Technologies,information technology & services,http://www.peregrine.io
Momentic,information technology & services,http://www.momentic.ai
GRAID Technology,information technology & services,http://www.graidtech.com
LlamaIndex,information technology & services,http://www.llamaindex.ai
Coalition,insurance,http://www.coalitioninc.com
Anthropic,research,http://www.anthropic.com
BuildQ,environmental services,http://www.buildq.ai
SimCare AI,hospital & health care,http://www.somalab.ai
Breakout,information technology & services,http://www.getbreakout.ai
CompScience,insurance,http://www.compscience.com
Skylo,telecommunications,http://www.skylo.tech
DeepNight,information technology & services,http://www.deepnight.ai
Workhelix,information technology & services,http://www.workhelix.com
Mimic Networks,computer & network security,http://www.mimic.com
Charta Health,hospital & health care,http://www.chartahealth.com
Regie.ai,information technology & services,http://www.regie.ai
Eat Real,nonprofit organization management,http://www.eatreal.org
Egnyte,information technology & services,http://www.egnyte.com
Bitwise,financial services,http://www.bitwiseinvestments.com
Metronome,information technology & services,http://www.metronome.com
Novoloop,plastics,http://www.novoloop.com
Albert Invent,information technology & services,http://www.albertinvent.com
Heliux,information technology & services,http://www.heliux.com
Auditoria.AI,information technology & services,http://www.auditoria.ai
Journify,information technology & services,http://www.journify.io
CTGT,research,http://www.ctgt.ai
Eachlabs,information technology & services,http://www.eachlabs.ai
Apex.AI,information technology & services,http://www.apex.ai
Voltron Data,information technology & services,http://www.voltrondata.com
Together,information technology & services,http://www.together.ai
EcoTrove,renewables & environment,http://www.ecotrove.com
Mercor,information technology & services,http://www.mercor.com
Arize AI,information technology & services,http://www.arize.com
Millie,hospital & health care,http://www.millieclinic.com
Lambda,information technology & services,http://www.lambdalabs.com
Sanas,information technology & services,http://www.sanas.ai
Sawmills,information technology & services,http://www.sawmills.ai
Baseten,information technology & services,http://www.baseten.co
Pulse,information technology & services,http://www.runpulse.com
VitalConnect,medical devices,http://www.vitalconnect.com
Varo Bank,banking,http://www.varomoney.com
Endovascular Engineering,medical devices,http://www.endovascularengineering.com
Singulr AI,computer & network security,http://www.singulr.ai
Hightouch,information technology & services,http://www.hightouch.com
Aomni,information technology & services,http://www.aomni.com
ZutaCore,computer hardware,http://www.zutacore.com
Lingo.dev,information technology & services,http://www.lingo.dev
Rain,financial services,http://www.rain.xyz
Pomelo Care,hospital & health care,http://www.pomelocare.com
Beacon Therapeutics,research,http://www.beacontx.com
Ukko,research,http://www.ukko.us
Luxury Presence,information technology & services,http://www.luxurypresence.com
Soley Therapeutics,research,http://www.soleytherapeutics.com
Swap,information technology & services,http://www.swap-commerce.com
Champ,information technology & services,http://www.champtitles.com
Codoxo,information technology & services,http://www.codoxo.com
Last Energy,oil & energy,http://www.lastenergy.com
Culture Biosciences,research,http://www.culturebiosciences.com
K2 Space,defense & space,http://www.k2space.com
Angel Eye Health,hospital & health care,http://www.angeleyehealth.com
Axiado Corporation Inc,computer & network security,http://www.axiado.com
Zafran Security,computer & network security,http://www.zafran.io
Akura Medical,medical devices,http://www.akuramed.com
Range,financial services,http://www.range.com
Harmonic,information technology & services,http://www.harmonic.fun
Aspen Neuroscience,research,http://www.aspenneuroscience.com
Point One Navigation,information technology & services,http://www.pointonenav.com
Luma AI,information technology & services,http://www.lumalabs.ai
Doppel,information technology & services,http://www.doppel.com
Harbinger,automotive,http://www.harbingermotors.com
Forterra,defense & space,http://www.forterra.com
d-Matrix,semiconductors,http://www.d-matrix.ai
Scribe,information technology & services,http://www.scribe.com
CoLab Software,information technology & services,http://www.colabsoftware.com
Hippocratic AI,hospital & health care,http://www.hippocraticai.com
Venture Med Group,medical devices,http://www.venturemedgroup.com
Sublime Security,computer & network security,http://www.sublime.security
Mercor,information technology & services,http://www.mercor.com
Electra Therapeutics,research,http://www.electra-therapeutics.com
Anrok,information technology & services,http://www.anrok.com
Moniepoint,financial services,http://www.moniepoint.com
OpenEvidence,information technology & services,http://www.openevidence.com
VeraDermics,pharmaceuticals,http://www.veradermics.com
Starship Technologies,consumer services,http://www.starship.xyz
Sensi.AI,information technology & services,http://www.sensi.ai
Base Power,information technology & services,http://www.basepowercompany.com
Lumen Bioscience,research,http://www.lumen.bio
Affinia Therapeutics,research,http://www.affiniatx.com
ClickHouse,information technology & services,http://www.clickhouse.com
TORL BioTherapeutics,research,http://www.torlbio.com
Nava,insurance,http://www.navabenefits.com
Midi Health,hospital & health care,http://www.joinmidi.com
Swan Bitcoin,financial services,http://www.swanbitcoin.com
Nscale,information technology & services,http://www.nscale.com
WeTravel,financial services,http://www.wetravel.com
Modular,information technology & services,http://www.modular.com
Caregility,hospital & health care,http://www.caregility.com
Cardless,information technology & services,http://www.cardless.com
Splash Financial,financial services,http://www.splashfinancial.com
Colossal Biosciences,information technology & services,http://www.colossal.com
PassiveLogic,information technology & services,http://www.passivelogic.com
SEON,information technology & services,http://www.seon.io
Coterie Insurance,insurance,http://www.coterieinsurance.com
Diana Health,hospital & health care,http://www.heydianahealth.com
Sapphire Technologies,renewables & environment,http://www.sapphiretechnologies.com
Cognition,information technology & services,http://www.cognition.ai
Motion,information technology & services,http://www.usemotion.com
Lightelligence,computer hardware,http://www.lightelligence.ai
Shift5,information technology & services,http://www.shift5.io
You.com,information technology & services,http://www.you.com
Galvanize Therapeutics,medical devices,http://www.galvanizetx.com
Wugen,research,http://www.wugen.com
CompanyCam,information technology & services,http://www.companycam.com
Ontic,information technology & services,http://www.ontic.co
Overhaul,logistics & supply chain,http://www.over-haul.com
Wellth,hospital & health care,http://www.wellthapp.com
Iantrek,medical devices,http://www.iantrekmed.com
Kromatid,research,http://www.kromatid.com
Kriya Therapeutics,research,http://www.kriyatherapeutics.com
Gameto,research,http://www.gametogen.com
BinSentry,machinery,http://www.binsentry.com
Laurel,information technology & services,http://www.laurel.ai
FieldPulse,information technology & services,http://www.fieldpulse.com
Fullpower-AI,research,http://www.fullpower.com
D-Tools,information technology & services,http://www.d-tools.com
Positive Development,mental health care,http://www.positivedevelopment.com
GeoWealth,financial services,http://www.geowealth.com
Anaconda,information technology & services,http://www.anaconda.com
Wallarm,computer & network security,http://www.wallarm.com
Safe Security,computer & network security,http://www.safe.security
Observe,information technology & services,http://www.observeinc.com
Hightouch,information technology & services,http://www.hightouch.com
Ambience Healthcare,hospital & health care,http://www.ambiencehealthcare.com
Professional Triathletes Organisation,sports,http://www.protriathletes.org
Phlow,pharmaceuticals,http://www.phlow-usa.com
Blockskye,information technology & services,http://www.blockskye.com
Proxymity,financial services,http://www.proxymity.io
Substack,design,http://www.oneelevensutter.com
CertifID,computer & network security,http://www.certifid.com
ETON Solutions,information technology & services,http://www.eton-solutions.com
Replit,information technology & services,http://www.replit.com
Spacelift,information technology & services,http://www.spacelift.io
Varda,defense & space,http://www.varda.com
Klar,financial services,http://www.klar.mx
Flexiv,industrial automation,http://www.flexiv.com
Decagon,information technology & services,http://www.decagon.ai
GeneCentric Therapeutics,research,http://www.genecentric.com
Tennr,information technology & services,http://www.tennr.com
Arima Genomics,research,http://www.arimagenomics.com
Onebrief,information technology & services,http://www.onebrief.com
Meter,information technology & services,http://www.meter.com
Linear,information technology & services,http://www.linear.app
Vivrelle,luxury goods & jewelry,http://www.vivrelle.com
Paytient,financial services,http://www.paytient.com
Antheia,research,http://www.antheia.bio
Impulse Space,defense & space,http://www.impulsespace.com
Infleqtion,electrical/electronic manufacturing,http://www.infleqtion.com
Prepared,public safety,http://www.prepared911.com
Empathy,information technology & services,http://www.empathy.com
Javara Research,research,http://www.javararesearch.com
Hex Technologies,information technology & services,http://www.hex.tech
CloudZero,information technology & services,http://www.cloudzero.com
Bespoken Spirits,food & beverages,http://www.bespokenspirits.com
RevenueCat,information technology & services,http://www.revenuecat.com
Rad AI,information technology & services,http://www.radai.com
Cohere Health,information technology & services,http://www.coherehealth.com
Optimal Dynamics,transportation/trucking/railroad,http://www.optimaldynamics.com
Statsig,information technology & services,http://www.statsig.com
True Anomaly,defense & space,http://www.trueanomaly.space
AssetWatch,machinery,http://www.assetwatch.com
CAST AI,information technology & services,http://www.cast.ai
Utilidata,utilities,http://www.utilidata.com
Anumana,medical devices,http://www.anumana.ai
Canopy,information technology & services,http://www.getcanopy.com
Steadily,insurance,http://www.steadily.com
Biolinq,medical devices,http://www.biolinq.com
Trust & Will,information technology & services,http://www.trustandwill.com
Omnidian,renewables & environment,http://www.omnidian.com
Auradine,information technology & services,http://www.auradine.com
Luma Financial Technologies,financial services,http://www.lumafintech.com
Glycomine,research,http://www.glycomine.com
Attovia Therapeutics,research,http://www.attovia.com
Tailscale,information technology & services,http://www.tailscale.com
Hydrolix,information technology & services,http://www.hydrolix.io
Nanoprecise Sci Corp,information technology & services,http://www.nanoprecise.io
Mercury,financial services,http://www.mercury.com
Underdog Fantasy,sports,http://www.underdogfantasy.com
Capital Markets Gateway,financial services,http://www.cmgx.io
Navina,hospital & health care,http://www.navina.ai
BuildOps,information technology & services,http://www.buildops.com
Click Therapeutics,research,http://www.clicktherapeutics.com
Nerdio,information technology & services,http://www.getnerdio.com
Arbor Biotechnologies,research,http://www.arbor.bio
Celestial AI,semiconductors,http://www.celestial.ai
Peregrine Technologies,information technology & services,http://www.peregrine.io
Lineus Medical,medical devices,http://www.lineusmed.com
Viam,information technology & services,http://www.viam.com
Metronome,information technology & services,http://www.metronome.com
NinjaOne,information technology & services,http://www.ninjaone.com
Arize AI,information technology & services,http://www.arize.com
Saronic,defense & space,http://www.saronic.com
OLIPOP,food & beverages,http://www.drinkolipop.com
Abcuro,research,http://www.abcuro.com
Candid Health,hospital & health care,http://www.joincandidhealth.com
Sardine,financial services,http://www.sardine.ai
Hidden Level,aviation & aerospace,http://www.hiddenlevel.com
The Helper Bees,insurance,http://www.thehelperbees.com
Phantom,information technology & services,http://www.phantom.com
Be Biopharma,biotechnology,http://www.be.bio
Umoja Biopharma,research,http://www.umoja-biopharma.com
Loft Orbital,defense & space,http://www.loftorbital.com
Phase Four,defense & space,http://www.phasefour.io
Geneoscopy,research,http://www.geneoscopy.com
Parsyl,insurance,http://www.parsyl.com
Aviceda Therapeutics,research,http://www.avicedarx.com
Francis Medical,medical devices,http://www.francismedical.com
Persefoni AI,information technology & services,http://www.persefoni.com
Atsena Therapeutics,biotechnology,http://www.atsenatx.com
Temporal Technologies,information technology & services,http://www.temporal.io
100XBIO,research,http://www.100xbio.com
Rain,financial services,http://www.rain.xyz
Savvy,information technology & services,http://www.savvy.com
Sophia Space,aviation & aerospace,http://www.sophia.space
Performance Drone Works,defense & space,http://www.pdw.ai
EpiBiologics,research,http://www.epibiologics.com
Carna Health,information technology & services,http://www.carna.health
Parabilis Medicines,research,http://www.parabilismed.com
Roc360,financial services,http://www.roc360.com
Pomelo Care,hospital & health care,http://www.pomelocare.com
Beacon Therapeutics,research,http://www.beacontx.com
American Camp Association,nonprofit organization management,http://www.acacamps.org
Treaty Oak Clean Energy,renewables & environment,http://www.treatyoakcleanenergy.com
American College of Education,higher education,http://www.ace.edu
Perceptive,research,http://www.perceptive.com
Enhanced Digital Group,financial services,http://www.enhanceddigital.group
Tivara,information technology & services,http://www.tivara.com
Ukko,research,http://www.ukko.us
encoord,information technology & services,http://www.encoord.com
Luxury Presence,information technology & services,http://www.luxurypresence.com
The Sports Bra,restaurants,http://www.thesportsbraofficial.com
BRIJ Medical,medical devices,http://www.brijmedical.com
Hugo Technologies,information technology & services,http://www.hugoinc.com
Innovative Pet Lab,consumer services,http://www.innovativepetlab.com
AlensiaXR,higher education,http://www.alensiaxr.com
good culture,food & beverages,http://www.goodculture.com
Jennings Center for Older Adults,hospital & health care,http://www.jenningsohio.org
PawsitiveTouch,consumer services,http://www.pawsitivetouch.io
Profitmind,retail,http://www.profitmind.com
Replicate Bioscience,biotechnology,http://www.replicatebioscience.com
Stand Up To Cancer,nonprofit organization management,http://www.standuptocancer.org
MoFi,financial services,http://www.mofi.org
Valinor Enterprises,information technology & services,http://www.valinor.co
Wedge,information technology & services,http://www.wedgehr.com
Idea Financial,financial services,http://www.ideafinancial.com
Onsetto,financial services,http://www.onsetto.com
Vizgen,research,http://www.vizgen.com
Diagonal Therapeutics,biotechnology,http://www.diagonaltx.com
CoVet,veterinary,http://www.co.vet
Evotec,research,http://www.evotec.com
Spangle,information technology & services,http://www.spangle.ai
Nested Knowledge,information technology & services,http://www.nested-knowledge.com
Soley Therapeutics,research,http://www.soleytherapeutics.com
Scottish Rite Hospital for Children,hospital & health care,http://www.scottishriteforchildren.org
Care Continuity,hospital & health care,http://www.carecontinuity.com
Apella Technology,hospital & health care,http://www.apella.io
Biller Genie,information technology & services,http://www.billergenie.com
Adapture Renewables,renewables & environment,http://www.adapturerenewables.com
DeepSeq.AI,research,http://www.deepseq.ai
Protege,information technology & services,http://www.withprotege.ai
Semafor,online media,http://www.semafor.com
Milkify,consumer services,http://www.milkify.me
Poplar Therapeutics,research,http://www.poplartx.com
Articul8,information technology & services,http://www.articul8.ai
Mediar Therapeutics,research,http://www.mediartx.com
UP Oncolytics,research,http://www.uponc.com
Ethicos Health,hospital & health care,http://www.ethicoshealth.com
IMVARIA,medical practice,http://www.imvaria.com
BetHog,gambling & casinos,http://www.bethog.com
BlackBoiler,information technology & services,http://www.blackboiler.com
Blackbird.AI,information technology & services,http://www.blackbird.ai
Corpus Christi Metro Ministries,nonprofit organization management,http://www.ccmetro.org
Eatsy orders,information technology & services,http://www.eatsyorders.com
STRM.BIO,research,http://www.strm.bio
Diamond Kinetics,sports,http://www.diamondkinetics.com
Freeform,industrial automation,http://www.freeform.co
Spiro Medical,medical devices,http://www.spiro-medical.com
Prudentia Sciences,research,http://www.prudentiasciences.com
CorFigo,medical devices,http://www.corfigo.com
Building Intelligence,security & investigations,http://www.buildingintelligence.com
Corsera Health,research,http://www.corserahealth.com
Alpha Aesthetics Partners,medical practice,http://www.partnerwithalpha.com
BabylonChain,computer & network security,http://www.babylonlabs.io
Oxide Computer Company,information technology & services,http://www.oxide.computer
Swap,information technology & services,http://www.swap-commerce.com
Rakuten Medical,biotechnology,http://www.rakuten-med.com
Village On The Isle,hospital & health care,http://www.villageontheisle.com
HomeVision,real estate,http://www.homevision.co
Russell Investments,financial services,http://www.russellinvestments.com
PureSpectrum,market research,http://www.purespectrum.com
Authentic Brands Group,apparel & fashion,http://www.authentic.com
OneStream Software,information technology & services,http://www.onestream.com
CNH Capital,financial services,http://www.cnhcapital.com
LMArena,research,http://www.lmarena.ai
CADmore Metal,mechanical or industrial engineering,http://www.cadmore.com
Watershed,information technology & services,http://www.watershed.com
Sibros,information technology & services,http://www.sibros.tech
Sharpen DTX,mental health care,http://www.sharpenminds.com
xAI,information technology & services,http://www.x.ai
Structured,information technology & services,http://www.structured.ai
Novoron Bioscience,research,http://www.novoron.com
Oasys Health,mental health care,http://www.oasys.health
Fintool,information technology & services,http://www.fintool.com
Topline,information technology & services,http://www.topline.com
Seattle Indian Health Board,hospital & health care,http://www.sihb.org
Nabis,wholesale,http://www.nabis.com
Dewpoint Therapeutics,research,http://www.dewpointx.com
FeatherPMS,hospitality,http://www.featherpms.com
Starlab Space,aviation & aerospace,http://www.starlab-space.com
Interos,information technology & services,http://www.interos.ai
Vartega,environmental services,http://www.vartega.com
Vogenx,research,http://www.vogenx.com
GS Microelectronics,semiconductors,http://www.gsme.com
"Tomorrows Laundry, Co.",apparel & fashion,http://www.tomorrowslaundry.com
Presto,information technology & services,http://www.presto.com
PeKe Labs,information technology & services,http://www.pekelabs.com
MilkStraw AI,information technology & services,http://www.milkstraw.ai
Pluto Financial Technologies,financial services,http://www.plutocredit.com
United Business Mail,transportation/trucking/railroad,http://www.unitedbusinessmail.com
Array Labs,defense & space,http://www.arraylabs.io
Cambium,defense & space,http://www.cambium-usa.com
Kenai Therapeutics,research,http://www.kenaitx.com
DailyPay,financial services,http://www.dailypay.com
Amermin,mining & metals,http://www.amermin.com
Mesa Quantum,semiconductors,http://www.mesaquantum.com
Lassen Peak,public safety,http://www.lassenpeak.com
ReElement Technologies,machinery,http://www.reelementtech.com
Jeng,food & beverages,http://www.sipjeng.com
The Community Foundation for Palm Beach & Martin Counties,nonprofit organization management,http://www.yourcommunityfoundation.org
Citadel EHS,environmental services,http://www.citadelehs.com
Equify Financial,financial services,http://www.equifyfinancial.com
Peer Robotics,machinery,http://www.peerrobotics.ai
Lyte AI,information technology & services,http://www.lyte.ai
Shore Excursions Group,"leisure, travel & tourism",http://www.shoreexcursionsgroup.com
Orange Twist,medical practice,http://www.orangetwist.com
Two Six Technologies,information technology & services,http://www.twosixtech.com
Sovereign Partners,real estate,http://www.sovpartners.com
The InterProse,information technology & services,http://www.interprose.com
GovDash,information technology & services,http://www.govdash.com
"Nichols, Cauley & Associates",accounting,http://www.nicholscauley.com
Kineolabs,information technology & services,http://www.kineolabs.com
Trestle,construction,http://www.gotrestle.com
Looki,information technology & services,http://www.looki.ai
Kinotek,"health, wellness & fitness",http://www.kinotek.com
HeyMilo,information technology & services,http://www.heymilo.ai
General Matter,renewables & environment,http://www.generalmatter.com
Marker Therapeutics,pharmaceuticals,http://www.markertherapeutics.com
Amari AI,information technology & services,http://www.amari.ai
VisaPal,information technology & services,http://www.tryvisapal.com
Hardline,information technology & services,http://www.hardlineapp.com
DigitalXForce,information technology & services,http://www.digitalxforce.com
GUGLI Corporation,telecommunications,http://www.gugli.com
ARC Herkimer,individual & family services,http://www.archerkimer.org
Popcorn,information technology & services,http://www.popcorn.space
SignalRank,venture capital & private equity,http://www.signalrank.com
Parkva,information technology & services,http://www.parkva.com
Viking Power Technologies,oil & energy,http://www.vikingpt.com
Poseidon's Forge,maritime,http://www.poseidonsforge.com
Leadership Connect,information technology & services,http://www.leadershipconnect.io
Champ,information technology & services,http://www.champtitles.com
Hadrian,defense & space,http://www.hadrian.co
Rembrand,information technology & services,http://www.rembrand.com
Feeding Pets of the Homeless,nonprofit organization management,http://www.petsofthehomeless.org
Evergreen,food production,http://www.eatevergreen.com
ROSM,medical practice,http://www.rosm.org
Homeostasis,chemicals,http://www.homeostasis.earth
Amplify Life Insurance,insurance,http://www.getamplifylife.com
Schneider Packaging Equipment Company,packaging & containers,http://www.schneiderequip.com
Obround,electrical/electronic manufacturing,http://www.obround.com
CustomMade,luxury goods & jewelry,http://www.custommade.com
Anetac,computer & network security,http://www.anetac.com
Indiana Legal Services,law practice,http://www.indianalegalservices.org
Greater Good Health,hospital & health care,http://www.greatergoodhealth.com
SelectDr,information technology & services,http://www.selectdr.com
Solidion Technology,information technology & services,http://www.solidiontech.com
American First Credit Union,financial services,http://www.amerfirst.org
Central Wyoming Counseling Center,mental health care,http://www.cwcc.us
Kraken,information technology & services,http://www.kraken.tech
KaliSpot,financial services,http://www.kalispot.com
Bri Beauty,"health, wellness & fitness",http://www.bribeauty.co
Vanna Health,mental health care,http://www.vanna.health
Phenomix Sciences,research,http://www.phenomixsciences.com
iRestify,facilities services,http://www.irestify.com
Duckbill,information technology & services,http://www.duckbillhq.com
Traini,consumer services,http://www.traini.app
222,information technology & services,http://www.222.place
SemiConX,semiconductors,http://www.semiconx.com
Vyriad,biotechnology,http://www.vyriad.com
SI Group,chemicals,http://www.siigroup.com
Dazzle AI,information technology & services,http://www.dazzle.ai
Myrtelle,research,http://www.myrtellegtx.com
Linq,professional training & coaching,http://www.linqapp.com
Oscar AI,information technology & services,http://www.oscar.ai
Body Machine Fitness,"health, wellness & fitness",http://www.bodymachinefitness.com
Cross Domain Systems,defense & space,http://www.crossdomainsystems.com
Drafted,information technology & services,http://www.drafted.ai
Matcha,insurance,http://www.matcharisk.com
Lemon Slice,information technology & services,http://www.lemonslice.com
My One Medical Source,hospital & health care,http://www.myonemedicalsource.com
Tenon,information technology & services,http://www.tenonhq.com
NTx,research,http://www.ntxbio.com
Ferretly,information technology & services,http://www.ferretly.com
Square Robot,machinery,http://www.squarerobots.com
Architect,financial services,http://www.architect.co
Dentira,hospital & health care,http://www.dentira.com
Breakaway Group,entertainment,http://www.breakawayfestival.com
BriefCatch,information technology & services,http://www.briefcatch.com
Zico,food & beverages,http://www.zico.com
Janus Henderson Investors,financial services,http://www.janushenderson.com
RheumaGen,research,http://www.rheumagen.com